<?xml version="1.0" ?>
<manifest identifier="k8UBwvushZqCF0ACtAIrm3PZ5AjFXA22nV1QdpmX" version="1"
  xmlns="http://www.imsproject.org/xsd/imscp_rootv1p1p2"
  xmlns:adlcp="http://www.adlnet.org/xsd/adlcp_rootv1p2"
  xmlns:xsi="http://www.w3.org/2001/XMLSchema-instance"
  xsi:schemaLocation="http://www.imsproject.org/xsd/imscp_rootv1p1p2 imscp_rootv1p1p2.xsd
                      http://www.imsglobal.org/xsd/imsmd_rootv1p2p1 imsmd_rootv1p2p1.xsd
                      http://www.adlnet.org/xsd/adlcp_rootv1p2 adlcp_rootv1p2.xsd">
  <metadata>
    <schema>ADL SCORM</schema>
    <schemaversion>1.2</schemaversion>
    <adlcp:location>metadata.xml</adlcp:location>
  </metadata>
  <organizations default="articulate_rise">
      <organization identifier="articulate_rise">
      <title>KERIO-106 Essential Skills &amp; Tools</title>
      <item identifier="i1" identifierref="r1" isvisible="true">
        <title>KERIO-106 Essential Skills &amp; Tools</title>
      </item>
    </organization>
  </organizations>
  <resources>
    <resource identifier="r1" type="webcontent" adlcp:scormtype="sco" href="scormdriver/indexAPI.html">
      <!-- SCORMDRIVER STUFF -->
      <file href="scormdriver/indexAPI.html" />
      <file href="scormdriver/AICCComm.html" />
      <file href="scormdriver/auto-scripts/AutoBookmark.js" />
      <file href="scormdriver/auto-scripts/AutoCompleteSCO.js" />
      <file href="scormdriver/auto-scripts/CourseExit.js" />
      <file href="scormdriver/blank.html" />
      <file href="scormdriver/goodbye.html" />
      <file href="scormdriver/scormdriver.js" />
      <file href="scormdriver/browsersniff.js" />

      <!-- RUNTIME COMMON STUFF -->
      <file href="scormcontent/index.html" />
      <file href="scormcontent/lib/main.bundle.js"/>

      
        <file href="scormcontent/lib/fonts/icomoon.ttf"/>
        <file href="scormcontent/lib/fonts/icomoon.woff"/>

        <file href="scormcontent/lib/icomoon.css"/>
        <file href="scormcontent/lib/main.bundle.css"/>
        <file href="scormcontent/lib/player-0.0.11.min.js"/>
        <file href="scormcontent/lib/lzwcompress.js"/>
      

      <!-- RUNTIME CONTENT STUFF -->
      <file href="scormcontent/lib/fonts/Lato-Light.woff" />
<file href="scormcontent/lib/fonts/Lato-Regular.woff" />
<file href="scormcontent/lib/fonts/Lato-Bold.woff" />
<file href="scormcontent/lib/fonts/Lato-Italic.woff" />
<file href="scormcontent/lib/fonts/Lato-Black.woff" />
<file href="scormcontent/lib/fonts/Raleway-Light.woff" />
<file href="scormcontent/lib/fonts/Raleway-Regular.woff" />
<file href="scormcontent/lib/fonts/Raleway-Bold.woff" />
<file href="scormcontent/lib/fonts/Raleway-Italic.woff" />
<file href="scormcontent/lib/fonts/Raleway-Black.woff" />
<file href="scormcontent/assets/vBWA-u5rEXsC6N8c_small.png" />
<file href="scormcontent/assets/idC_g0S8nxzxlIds_small_1538494131.png" />
<file href="scormcontent/assets/vQkblowhB74np5w2_svFeOOPobkiZuh4n.png" />
<file href="scormcontent/assets/Zh7Nt1X6eeAOlQQq_jIYDAvARmpH0l5rx.jpg" />
<file href="scormcontent/assets/5HNbs4jtGwyb5-0U_YEu41-gfmFctQRY5.jpg" />
<file href="scormcontent/assets/nrrtqZ1iBtCocVSl_e6RJU_FQNgKtNPBz.jpg" />
<file href="scormcontent/assets/pMxHOwKlv-pOmSxY_jxS8SzKqQQCnAGPf-stock-image.jpg" />
<file href="scormcontent/assets/xRpu9tUCzl3e2Wfb_mhsXM5ZaOircz1bg.jpg" />
<file href="scormcontent/assets/D7wzHKrnl83E3c7N_cKPElqXyHY1HblGw.png" />
<file href="scormcontent/assets/nxEvnx9pHbDJON6I_iZdcJ1rzu1h5bBHJ.jpg" />
<file href="scormcontent/assets/Z3xoMD9h_20Rkxur_6CmdAR0Ud4BbBfa8.png" />
<file href="scormcontent/assets/AEZ4kf0yMy8O0k8a_LixgJl2Rd2ULj6pW.jpg" />
<file href="scormcontent/assets/GozDznrdwdF8jtN6_fKp6j_t4BSJ4JM6a.png" />
<file href="scormcontent/assets/hf_1d_ZKdomEO83e_d53sgDHRKC-MYaGl.png" />
<file href="scormcontent/assets/mxgmTOugMzsUNA1S_9zFYnZqUIybo3Asm-stock-image.jpg" />
<file href="scormcontent/assets/mBwvx7RIravi2gmI_6ewo3fs0P9vHlypn-stock-image.jpg" />
<file href="scormcontent/assets/t__YChovNSXgPdfi_eUqAW4fU2KUVj7MD-stock-image.jpg" />
<file href="scormcontent/assets/dCVrrnHn391SvKH7_mountains.jpg" />
<file href="scormcontent/assets/EqekgieIRTtyneQ4_qfc7DDrDgrqGBgdS.jpg" />
<file href="scormcontent/assets/XnCyRQKDv3eIgMKg_XyOoD3aU_WqG8Tw1-stock-image.jpg" />
<file href="scormcontent/assets/AOV6vpthWd7lFk_C_UNh21RkQqhJ9UYUa.png" />
<file href="scormcontent/assets/l0Y5bX5muoCSEI5w_36Ec3JluttPBgTQe.jpg" />
<file href="scormcontent/assets/sDesZDuI1Tt7hQla_00zMk-ScX1QHhIEZ-stock-image.jpg" />
<file href="scormcontent/assets/c8QJ4jEuUnP-hG_t_noR4Vy6UEYWjDSJV.jpg" />
<file href="scormcontent/assets/7B1QgERjfS02xFzE_CtQaA72_WBbequQp.png" />
<file href="scormcontent/assets/WSJvjeV9nVou_Hvj_dBCmllBNfqnNmB0r.jpg" />
<file href="scormcontent/assets/PEevCMb5zWKyllF__kHBTSFMdv_ZUjeVl.jpg" />
<file href="scormcontent/assets/qhWaSVKrkumq01j-_1I5KYHbT6mGtq7rP.jpg" />
<file href="scormcontent/assets/h9jlkxD2_h7oCHNX_Q-qtIEBs9Cil-RbA-stock-image.jpg" />
<file href="scormcontent/assets/CI1zMV_oizB6Dd7c_GykRG0F1OHvNYSvM-stock-image.jpg" />
<file href="scormcontent/assets/ESH_DGo2VBTjej62_q1bQ2BGsDW_K8bPg-stock-image.jpg" />

    </resource>
  </resources>
</manifest>
