<?xml version="1.0" ?>
<manifest identifier="FBgCPK1v5fQTXfB1ezAgQhZ4XqGITfzWCogcth9r" version="1"
  xmlns="http://www.imsproject.org/xsd/imscp_rootv1p1p2"
  xmlns:adlcp="http://www.adlnet.org/xsd/adlcp_rootv1p2"
  xmlns:xsi="http://www.w3.org/2001/XMLSchema-instance"
  xsi:schemaLocation="http://www.imsproject.org/xsd/imscp_rootv1p1p2 imscp_rootv1p1p2.xsd
                      http://www.imsglobal.org/xsd/imsmd_rootv1p2p1 imsmd_rootv1p2p1.xsd
                      http://www.adlnet.org/xsd/adlcp_rootv1p2 adlcp_rootv1p2.xsd">
  <metadata>
    <schema>ADL SCORM</schema>
    <schemaversion>1.2</schemaversion>
    <adlcp:location>metadata.xml</adlcp:location>
  </metadata>
  <organizations default="articulate_rise">
      <organization identifier="articulate_rise">
      <title>INVX-201 Licensing InvigorateX</title>
      <item identifier="i1" identifierref="r1" isvisible="true">
        <title>INVX-201 Licensing InvigorateX</title>
      </item>
    </organization>
  </organizations>
  <resources>
    <resource identifier="r1" type="webcontent" adlcp:scormtype="sco" href="scormdriver/indexAPI.html">
      <!-- SCORMDRIVER STUFF -->
      <file href="scormdriver/indexAPI.html" />
      <file href="scormdriver/AICCComm.html" />
      <file href="scormdriver/auto-scripts/AutoBookmark.js" />
      <file href="scormdriver/auto-scripts/AutoCompleteSCO.js" />
      <file href="scormdriver/auto-scripts/CourseExit.js" />
      <file href="scormdriver/blank.html" />
      <file href="scormdriver/goodbye.html" />
      <file href="scormdriver/scormdriver.js" />
      <file href="scormdriver/browsersniff.js" />

      <!-- RUNTIME COMMON STUFF -->
      <file href="scormcontent/index.html" />
      <file href="scormcontent/lib/main.bundle.js"/>

      
        <file href="scormcontent/lib/fonts/icomoon.ttf"/>
        <file href="scormcontent/lib/fonts/icomoon.woff"/>

        <file href="scormcontent/lib/icomoon.css"/>
        <file href="scormcontent/lib/main.bundle.css"/>
        <file href="scormcontent/lib/player-0.0.11.min.js"/>
        <file href="scormcontent/lib/lzwcompress.js"/>
      

      <!-- RUNTIME CONTENT STUFF -->
      <file href="scormcontent/lib/fonts/Lato-Light.woff" />
<file href="scormcontent/lib/fonts/Lato-Regular.woff" />
<file href="scormcontent/lib/fonts/Lato-Bold.woff" />
<file href="scormcontent/lib/fonts/Lato-Italic.woff" />
<file href="scormcontent/lib/fonts/Lato-Black.woff" />
<file href="scormcontent/lib/fonts/OpenSans-Light.woff" />
<file href="scormcontent/lib/fonts/OpenSans-Regular.woff" />
<file href="scormcontent/lib/fonts/OpenSans-Bold.woff" />
<file href="scormcontent/lib/fonts/OpenSans-Italic.woff" />
<file href="scormcontent/assets/_REK7OC8Ta-DNhxq_small.png" />
<file href="scormcontent/assets/lbR4Ts5InvQnqaWp_fPvk-OkbQMs-VxHK.png" />
<file href="scormcontent/assets/hAcELZwy0OGKCUXr_Yh0AHby7amKSYeNz-stock-image.jpg" />
<file href="scormcontent/assets/Kjni41IU-3qTZION_MlLmb--YvHgHJMxE.jpg" />
<file href="scormcontent/assets/lwV9RPhwyOAgIqEI_sFlCgOMv49u787TS.jpg" />
<file href="scormcontent/assets/sQUnaC5shb3ktuw5_wpVeMfoCMoQibQi8.jpg" />
<file href="scormcontent/assets/dN4UBSP2N3gxp53E_UL9-VcW70LHRWsLC.jpg" />
<file href="scormcontent/assets/uQImxUZz9KKOU6AB_zozD6-oSClRCt7Np.png" />
<file href="scormcontent/assets/ZtwP9_yN254-zi5f_PI4zvELvMGL7spwo.png" />
<file href="scormcontent/assets/9ZU_JjC7rMwC-pJ5_hGAXkLw-QxKL7dO4.png" />
<file href="scormcontent/assets/4tXDIh3Nv79o9QP3_3HfD2t-gHbkT_XDA.png" />
<file href="scormcontent/assets/jXgIRTkmarpUNNZA_fKaDbxD3eMC_MHE0.png" />
<file href="scormcontent/assets/vYWdnjjc88NUF91y_UkWpZ2oaTKJZQtZq-stock-image.jpg" />
<file href="scormcontent/assets/qyxrCtayDhIrp8QV_jOaQEHeEml2Lq_f3.png" />
<file href="scormcontent/assets/CBRHgfAKbLm7M7FA_5VpQT1Z3ABymJ5vu.png" />
<file href="scormcontent/assets/ivXgK1bhFPQlx5y8_6lowgM2mdh9HfhRY.png" />
<file href="scormcontent/assets/o7WNJFlcSbAX-EDF_pVkPTJhMBlAi4Vm6.png" />
<file href="scormcontent/assets/aDekZkIK6aAb4cXI_lJwI6SRBVmbRZPYw.png" />
<file href="scormcontent/assets/9CeSZna-7pnXs8JM_CVjf2jVH0XI1eliG.png" />
<file href="scormcontent/assets/fVucE_1jjg-HZAvi_8jrW4QgLP14x-PS_.jpg" />
<file href="scormcontent/assets/BKLQhozLxTyg9kZs_gV_ePEQTqlWYsdI3.png" />
<file href="scormcontent/assets/ym84KGXmowVFGYPA_azhwG3D0Faqht_Xu.png" />
<file href="scormcontent/assets/PgKeIota-BVsBRZZ_aufyHuqK8Xj9QDVu.png" />
<file href="scormcontent/assets/1C3tOxHMEwpt5yzm_wK7kmzzhZIV-zA2r.png" />
<file href="scormcontent/assets/LejWeSL7tfvI2mpV_eh6L5oPj0WKiTLUH.png" />
<file href="scormcontent/assets/Eh82jdmMvkqq91iT_wTa6ofLsgfV7937C.png" />
<file href="scormcontent/assets/AVcqdL24K9GcuJ_x_zwvvAsdOdLMBvveS.png" />
<file href="scormcontent/assets/jlbeh87jAQrMsGB9_Upe_qXBXqdpuG7Ww.png" />
<file href="scormcontent/assets/ua134xKSu-S2aje6_O7cyl8HHafaK5b07.png" />
<file href="scormcontent/assets/lZMVr-MFxP5z8sO4_Xzun9K7cxKXrZFWv.png" />
<file href="scormcontent/assets/Q46J4pAkkuYhOD1g_cBrJUsyi6YGwlXzl.png" />
<file href="scormcontent/assets/DTk7ChAQJxLDu0ZL_9wf4DqUrStrSiY7H.png" />
<file href="scormcontent/assets/oXfxGZWqsvm_hYbK_fRbzRiLPWibKFci0-stock-image.jpg" />
<file href="scormcontent/assets/Q97OqzJrqNyPn8-N_jwHBmZHG2Mu6VvLq.jpg" />
<file href="scormcontent/assets/Z7ibZRnA7k2Z-h0T_i5JjhXjRpxtBR-e_.png" />
<file href="scormcontent/assets/IO9rFLXQdKIHAG7V_Ccvru-ur4Qwq0nDs.jpg" />
<file href="scormcontent/assets/0XvpGrpW5tgU1yzT_CKWr9fIyGWsCmcxu.png" />
<file href="scormcontent/assets/4CtTM7vmxo03y6rp_GLZKKrFvu5xMEgra.jpg" />
<file href="scormcontent/assets/5AdNUOC76qghChjp_5ykFeWP586wCYB50-stock-image.jpg" />

    </resource>
  </resources>
</manifest>
